id;region;zeme;poskytovatel;typ_poskytovatele;program;segment;mechanika_hlavni;mechanika_vedlejsi;co_se_odmenuje;forma_odmeny;kdo_financuje;podminka_vstupu_cena;tiery_prahy;datum_spusteni;stav;otevreny_podnikatelum;zdroj_url;datum_zdroje;datum_pristupu;znacka;poznamka
EU-01;EU;UK;Allica Bank;banka;Business Rewards Account;SME (zavedené firmy 12+ měsíců);B;C;platby kartou (Visa debit) na podnikatelském účtu;cashback 1 % / 1,5 % nad prahem měsíční útraty;banka (marže z vkladů a úvěrů + interchange);firma založena min. 12 měsíců A zůstatek 50 000 GBP+ NEBO úvěr u Allica. Bez měsíčního poplatku. Dle KPI V1.3 jen pro stávající klienty na pozvání;1 % do 10 000 GBP měsíční útraty a 1,5 % nad (KPI dokument). Tisková zpráva FY25 uvádí práh 4 000 GBP;DATA GAP;aktivni;ano;https://www.allica.bank/hubfs/Allica%20Business%20Rewards%20Bank%20Account%20-%20Key%20Product%20Information%20(V1.3).pdf;datum neznámé;2026-10-06;FACT (podmínky z KPI) + STALE: datum neznámé + CLAIM (FY25);Zadání uvádělo práh 15 000 GBP - NEPOTVRZENO. Nalezen rozpor 10 000 GBP (KPI) vs 4 000 GBP (výsledky FY25). Aktivní klienti Rewards účtu 6 000+ (2024) -> 14 000+ (FY25) [CLAIM]. Součástí RM a spořicí pot. Hloubková případovka 1
EU-02;EU;UK;Tide;neobanka;Tide Rewards;FOP/mikro a SME;D;;nákupy u partnerských obchodníků (online i v obchodě);cashback od obchodníků;obchodníci (platforma Valuedynamx);účet Tide + aktivace v sekci Rewards v aplikaci;100+ značek (Apple, Currys, Deliveroo, Sainsbury's, Wickes …);2025-07 online / 2025-08 in-store;aktivni;ano;https://www.businesswire.com/news/home/20250807138818/en;2025-08-07;2026-10-06;FACT (spuštění) + STALE: 08/2025 (aktuální rozsah);Merchant-funded vrstva přes třetí stranu - relevantní pro H5
EU-03;EU;UK;Tide;neobanka;Tide welcome cashback 1 % (60 dní);FOP/mikro a SME;AKV;A;platby kartou v prvních 60 dnech po otevření účtu;cashback 1 %;Tide;nový podnikatelský účet;max. 200 000 GBP útraty v období;DATA GAP;nejasne;ano;https://www.tide.co/terms/earntwice-cashback-campaign-t-and-c/;datum neznámé;2026-10-06;STALE: datum neznámé;AKVIZIČNÍ bonus - nepočítat jako věrnostní. Tide má i bonus 250 GBP za 2 inkasa + 100 GBP útraty do 30 dní (https://www.tide.co/terms/bca250-tncs/)
EU-04;EU;UK;Capital on Tap (partner Tide);nebankovní firma;Capital on Tap Business Credit Card pro klienty Tide;FOP/mikro a SME;A;;veškerá útrata kreditní kartou;cashback 1 % bez stropu;emitent (interchange + úrok);schválení úvěru;bez tierů;DATA GAP;nejasne;ano;https://cashback.capitalontap.com/tide;datum neznámé;2026-10-06;STALE: datum neznámé;Embedded partnerství neobanky s nebankovním emitentem kreditní karty
EU-05;EU;UK;Starling Bank;neobanka;žádný vlastní program pro podnikatele;FOP/mikro a SME;D;;cashback jen přes aplikace z Marketplace (např. Tail);cashback od obchodníků přes třetí stranu;obchodníci / třetí strana;účet Starling + integrace aplikace;;;nejasne;nejasne;https://www.finder.com/uk/business/monzo-vs-starling;datum neznámé;2026-10-06;STALE: datum neznámé;Srovnávač - jen stopa
EU-06;EU;UK;Monzo;neobanka;Monzo Business cashback (funkce v aplikaci);nedefinováno (odvozeno: FOP/mikro);D;;nákupy u vybraných obchodníků;cashback;nejasné (pravděpodobně obchodníci);aktivace funkce v aplikaci;DATA GAP;DATA GAP;nejasne;nejasne;https://www.finder.com/uk/business/monzo-vs-starling;datum neznámé;2026-10-06;STALE: datum neznámé;Výtah míchá retail tarify (Extra/Perks/Max) s business - DATA GAP: monzo.com/business
EU-07;EU;UK;American Express;nebankovní firma;Amex Business Gold Card (Membership Rewards);FOP/mikro a SME;A;;útrata kartou;1 bod Membership Rewards za 1 GBP;Amex (merchant fee) + roční poplatek;poplatek 0 GBP 1. rok pak 195 GBP;bez tierů;DATA GAP;nejasne;ano;https://www.headforpoints.com/2021/03/03/review-american-express-business-gold-card/;2021-03-03;2026-10-06;STALE: 03/2021;Aktuální stav DATA GAP: americanexpress.com/en-gb/business
EU-08;EU;UK;American Express;nebankovní firma;Amex Business Platinum Card (Membership Rewards);SME;A;F;útrata kartou + cestování přes Amex Travel;1 bod MR za 1 GBP (2 body přes Amex Travel) + cestovní kredity;Amex + roční poplatek;roční poplatek 650 GBP;v 2026 zrušeno 2x body na prvních 10 000 GBP měsíčně. Od 1. 4. 2026 nové benefity a tierovaný travel kredit 200 GBP;DATA GAP;aktivni;ano;https://www.americanexpress.com/en-gb/business/get-started/the-platinum-card/;2026 (z výtahu agregátoru);2026-10-06;CLAIM (agregátor);Signál: snižování bodové štědrosti a přesun k nefinančním benefitům (F)
EU-09;EU;UK;Barclaycard;banka;Barclaycard Premium Plus Business Credit Card;FOP/mikro a SME;A;F;nákupy kartou;cashback 0,5 % max. 400 GBP ročně + cestovní pojištění;banka + poplatek;poplatek 150 GBP ročně. obrat firmy nad 10 000 GBP;strop 400 GBP/rok;DATA GAP;nejasne;ano;https://www.headforpoints.com/2021/12/10/review-barclaycard-premium-plus-business-credit-card;2021-12-10;2026-10-06;STALE: 12/2021;Aktuálnost neověřena
EU-10;EU;UK;NatWest;banka;NatWest Business Plus Credit Card;SME;A;;nákupy kartou dle kategorie;cashback 0,5 % vše / 1 % cestování a ubytování / 2 % trade a business supplies / 3 % palivo a EV;banka (interchange + poplatek);DATA GAP (poplatek);strop 600 GBP ročně;DATA GAP;nejasne;ano;https://natwest.co.uk/business/cards/business-plus-credit-card.html;datum neznámé;2026-10-06;STALE: datum neznámé;Kategoriální cashback cílený na byznys výdaje. T&C: https://tools.natwest.com/content/dam/natwest/business/credit-cards/documents/nw-business-plus-credit-card-cashback-terms-conditions.pdf
EU-11;EU;UK;NatWest;banka;NatWest Business Credit Card (fuel cashback);FOP/mikro a SME;A;E;palivo a EV nabíjení + roční útrata;cashback 1 % na palivo/EV + odpuštění poplatku;banka;poplatek 0 GBP 1. rok pak 30 GBP. odpuštěn při útratě 6 000 GBP+ ročně;práh 6 000 GBP/rok;DATA GAP;nejasne;ano;https://www.fundingcircle.com/uk/resources/business-finance/natwest-business-credit-card/;datum neznámé;2026-10-06;STALE: datum neznámé;Kombinace A + aktivitní nula (E)
EU-12;EU;UK;Lloyds Bank;banka;Lloyds Business Credit Card;FOP/mikro a SME;A;;palivo a EV + ostatní útrata;cashback 1 % palivo/EV a 0,5 % ostatní;banka;poplatek 0 GBP 1. rok pak 32 GBP na držitele;DATA GAP;DATA GAP;nejasne;ano;https://capitalise.com/gb/insights/business-credit-cards/8-best-business-credit-cards-for-startups;datum neznámé;2026-10-06;STALE: datum neznámé + CLAIM (srovnávač);Ověřit na lloydsbank.com/business
EU-13;EU;UK;NatWest / RBS / Ulster Bank + Mastercard;banka;Mastercard Business Savings;FOP/mikro a SME;D;;platba business kartou u zapojených obchodníků;automatický cashback od obchodníka (3-5 dní na výpisu);obchodníci (program Mastercard);zdarma. automatický zápis bez registrace a kupónů;1 000+ nabídek (LUX rewards, McAfee, Heathrow Express, Dropbox, Avis, Microsoft Advertising);kreditní karty dříve. debetní od 05/2024;aktivni;ano;https://www.natwestgroup.com/news-and-insights/news-room/press-releases/enterprise/2024/may/natwest-rolls-out-mastercard-business-savingstm-to-business-debi.html;2024-05;2026-10-06;FACT (rozsah k 05/2024) + STALE: 05/2024;Cca 1 mil. business debit držitelů [FACT k 05/2024]. Hloubková případovka 2
EU-14;EU;UK;Mettle (NatWest Group);neobanka;Mastercard Business Bonus;FOP/mikro;D;;nákupy u partnerů Mastercard;slevy a řešení od partnerů;obchodníci / Mastercard;klient Mettle s aktivní kartou;DATA GAP;DATA GAP;aktivni;ano;https://www.mettle.co.uk/mastercard-business-bonus/;datum neznámé;2026-10-06;STALE: datum neznámé;Druhá implementace téhož schématu ve skupině NatWest
EU-15;EU;UK;Wise;neobanka;Wise Business card cashback;FOP/mikro a SME;A;;způsobilé transakce business kartou;cashback 0,5 % (připsáno 1. pracovní den měsíce);Wise;Wise Business účet a karta registrované v UK;DATA GAP;DATA GAP;nejasne;ano;https://wise.com/help/articles/7aOdAQe49CaY7Wz9XOk8DJ/how-does-card-cashback-for-businesses-work;datum neznámé;2026-10-06;STALE: datum neznámé;Jen UK registrované firmy
EU-16;EU;UK;HSBC UK;banka;nenalezeno;SME;;;;;;;;;nejasne;nejasne;;;2026-10-06;DATA GAP: business.hsbc.co.uk/credit-cards;Rozpočet vyhledávání nestačil
EU-17;EU;NL;bunq;neobanka;bunq Business cashback na kreditní kartě;FOP/mikro a SME;A;E;transakce kreditní kartou;cashback 0,5 % (Free Business) až 1 % (placené tarify Core/Pro/Elite);bunq (financováno z předplatného + interchange);tarif Free / Core / Pro / Elite;0,5 % vs do 1 % dle tarifu;2023 (cashback dle pymnts) DATA GAP;nejasne;ano;https://www.onderneming.nl/zakelijke-rekening/bunq/;datum neznámé;2026-10-06;STALE: datum neznámé;Cashback odstupňovaný placeným tarifem - financuje ho poplatek
EU-18;EU;NL / DE / FR / ES / IT;bunq + Mastercard;neobanka;Mastercard Business Bonus pro bunq Business;FOP/mikro a SME;D;;nákupy u partnerů (software, cestování, doprava, freelance);slevy a nabídky obchodníků (Google Workspace, Docusign, HubSpot, Sixt, Booking.com, FedEx, Fiverr);obchodníci / Mastercard;bunq Business účet;DATA GAP;2025-01-15;aktivni;ano;https://www.mastercard.com/news/europe/en/newsroom/press-releases/en/2025/bunq-introduces-mastercard-benefits-to-its-european-smes/;2025-01-15;2026-10-06;FACT (spuštění) + STALE: 01/2025;Panevropská implementace merchant-funded vrstvy. Relevantní H5
EU-19;EU;NL;Rabobank / ING / ABN AMRO;banka;nenalezen business věrnostní program;SME;;;;;;;;;nejasne;nejasne;https://dutchreview.com/expat/best-credit-cards-netherlands/;datum neznámé;2026-10-06;DATA GAP: rabobank.nl/bedrijven ing.nl/zakelijk abnamro.nl/zakelijk;Výsledky jen k retail kartám (ABN AMRO slevy na auto/hotely retail)
EU-20;EU;DE (EU);Finom;neobanka;Finom cashback na kartě;FOP/mikro a SME;A;E;všechny platby fyzickou i virtuální kartou;cashback;Finom (financováno z tarifu);tarif Basic / Smart / Pro;1 % / 3 % / 3 % se stropem 10-90 EUR měsíčně dle tarifu;DATA GAP;aktivni;ano;https://finom.co/en-de/finom-vs-qonto;datum neznámé (srovnání vivid.money 2026);2026-10-06;CLAIM (srovnání od Finomu a konkurence);EST: strop 90 EUR při 3 % se naplní při útratě 3 000 EUR/měs. (90/0,03)
EU-21;EU;DE;Qonto;neobanka;Qonto 250 EUR cashback + referral 100 EUR;FOP/mikro a SME;AKV;;otevření účtu a útrata 800 EUR+ měsíčně 3 měsíce po sobě;jednorázově 250 EUR (po 4 měsících). referral 100 EUR;Qonto;nový účet v DE;práh 800 EUR/měs.;DATA GAP;nejasne;ano;https://support-de.qonto.com/hc/en-us/articles/42676855075985-What-is-the-250-cashback-offer-in-Germany;datum neznámé;2026-10-06;STALE: datum neznámé;AKVIZIČNÍ - Qonto nemá standardní cashback (dle srovnání vivid.money 2026)
EU-22;EU;DE;American Express;nebankovní firma;Amex Business Gold Karte (Membership Rewards);FOP/mikro a SME;A;;firemní útrata kartou vč. dodatkových karet zaměstnanců;1 bod MR za 1 EUR;Amex + poplatek;0 EUR 1. rok pak 175 EUR (jiný zdroj 140 EUR). dodatková karta 40 EUR/rok;welcome 50 000 MR (AKV);DATA GAP;nejasne;ano;https://reisetopia.de/guides/lohnt-sich-die-american-express-business-gold-kreditkarte/;datum neznámé;2026-10-06;STALE: datum neznámé + CLAIM;Body jsou paušálně zdaněny Amexem -> lze je čerpat soukromě (most k H6)
EU-23;EU;DE;Commerzbank;banka;Business Card Premium cashback;FOP/mikro a SME;A;E;všechny obchodní transakce kartou za předchozí rok;cashback 0,55 % p.a.;banka;79,90 EUR ročně nebo zdarma v účtu Premium;bez tierů;DATA GAP;nejasne;ano;https://www.commerzbank.de/unternehmerkunden/firmenkreditkarten/business-card-premium/;datum neznámé;2026-10-06;STALE: datum neznámé;EST: poplatek se vrátí při útratě 79,90/0,0055 = cca 14 527 EUR/rok
EU-24;EU;DE;Sparkassen + Payback;banka;Payback s Girocard / S-Vorteilswelt;nedefinováno (odvozeno: retail);D;;platba Girocard u partnerů S-Vorteilswelt;body Payback;obchodníci;registrace. dobrovolné pro Sparkasse i klienta;cíl cca 12 000 regionálních obchodníků;2025-07;aktivni;nejasne;https://www.channelpartner.de/article/4014765/sparkassen-kunden-sammeln-ab-sofort-payback-punkte-mit-der-girocard.html;2025;2026-10-06;FACT (spuštění 07/2025) + STALE: 2025;Zdroje mluví jen o soukromých účtech (cca 36 mil.). Business účast DATA GAP. Relevantní H6
EU-25;EU;DE (EU);N26;neobanka;N26 Business cashback;FOP/mikro (freelanceři);A;E;nákupy Mastercard kartou;cashback 0,1 % (Business Smart / You) a 0,5 % (Business Metal) měsíčně;N26 (z tarifu);placený tarif;0,1 % / 0,5 %;DATA GAP;aktivni;ano;https://n26.com/en-eu/business-account;datum neznámé;2026-10-06;STALE: datum neznámé;Pouze OSVČ/freelanceři (business účet N26 není pro s.r.o. - ověřit)
EU-26;EU;FR;American Express;nebankovní firma;Carte Business Gold American Express;FOP/mikro a SME;A;;útrata kartou;1 bod MR za 1 EUR. 1 000 bodů = 3 EUR;Amex + poplatek;cotisation 240 EUR ročně;welcome 10 000 bodů po útratě 5 000 EUR (AKV);DATA GAP;nejasne;ano;https://www.americanexpress.com/fr-fr/entreprise/carte-de-paiement/business-gold/;datum neznámé;2026-10-06;STALE: datum neznámé + CLAIM (milesopedia);EST: hodnota cca 0,3 % útraty (3/1000) - pod úrovní poplatku pro malou útratu
EU-27;EU;FR;Shine / BNP Paribas (Hello Bank Pro);neobanka;nenalezen cashback ani věrnostní program;FOP/mikro;;;;;;Shine 0-70 EUR HT měsíčně. Hello Business 10,90 EUR HT;;;nejasne;nejasne;https://www.shine.fr/shine-vs-qonto;datum neznámé;2026-10-06;DATA GAP: shine.fr BNP mabanque.bnpparibas pro;Konkurence ve FR na ceně a službách ne na odměnách
EU-28;EU;ES;BBVA;banka;Cuenta Negocios Bienvenida (autónomos);FOP/mikro (autónomos);AKV;B;domiciliace cuota de autónomos + platby kartou + Bizum + inkasa + palivo;měsíční bonusy: 33,33 EUR za cuota. do 10 EUR karta. do 10 EUR Bizum. do 10 EUR inkasa. do 2 % palivo;banka;kód při otevření do 15. 9. 2026. účet bez poplatku;až 1 200 EUR v 1. roce. zdvojení při zůstatku 20 000 EUR (dle tisku);2026;aktivni;ano;https://www.bbva.es/empresas/productos/cuentas/cuenta-negocios-bienvenida.html;platnost do 31/12/2026;2026-10-06;FACT;Hybrid: akviziční kampaň s měsíční aktivitní mechanikou (B) po 1 rok. Navíc refund daní až 120 EUR/měs. max 720 EUR do 30/04/2026 (AKV)
EU-29;EU;ES;CaixaBank;banka;Cuenta Pymes Online - devolución impuestos;SME (S.L./S.A. obrat do 10 mil. EUR);AKV;B;domiciliace daní a sociálního pojištění;refund do 100 EUR brutto měsíčně max 6 měsíců (600 EUR);banka;registrace online 16. 3. - 16. 6. 2026. prvních 400 klientů;strop 600 EUR;2026-03-16;ukonceny;ano;https://www.caixabank.com/es/actualidad/noticias/caixabank-lanza-una-campana-de-devolucion-de-los-pagos-de-impuestos-a-nuevos-clientes-pymes;2026;2026-10-06;FACT;AKVIZIČNÍ. Pro autónomos CaixaBank 150 EUR nebo voucher 200 EUR Facilitea za domiciliaci SS (finantresnoticias.com - CLAIM)
EU-30;EU;PL;PKO Bank Polski;banka;Rozwijaj firmę - konto firmowe;FOP/mikro (JDG);AKV;B;aktivní užívání karty ve 3 promo obdobích;zwrot do 10 % výdajů max 1 200 zł za období. celkem max 3 600 zł;banka;nový firemní účet;3 období;DATA GAP;nejasne;ano;https://moneteo.com/bankonauci/rozwijaj-firme-do-3600-zl-konto-firmowe-pko-bp;datum neznámé;2026-10-06;STALE: datum neznámé + CLAIM (agregátor);AKVIZIČNÍ. PKO přihlásilo ochrannou známku PKO Punkty (budoucí bodový program - DATA GAP)
EU-31;EU;PL;Santander Bank Polska;banka;Twój biznes z bonusami;FOP/mikro (JDG obrat do 10 mil. zł);AKV;B;platby kartou nebo BLIK + FX operace + terminál;cashback 3 % max 150 zł/měs. celkem až 3 600 zł;banka;nový firemní účet (bez účtu 12 měsíců);1 800 zł karta/BLIK. 900 zł FX. 900 zł terminál;DATA GAP;ukonceny;ano;https://moneteo.com/bankonauci/biznes-zyskow-3000-zl-konto-firmowe-online-santander-bank-polska;platnost do 30/11/2025;2026-10-06;STALE: 11/2025;AKVIZIČNÍ - ukončeno 30. 11. 2025
EU-32;EU;PL;mBank (organizátor LeaseLink);banka;Cashback z kontem firmowym;FOP/mikro a SME;AKV;;registrace a otevření firemního účtu do 3 měsíců;cashback (výše DATA GAP);LeaseLink (třetí strana);registrace na promo webu;DATA GAP;2025-08;nejasne;ano;https://leaselink.pl/app/uploads/2025/08/Regulamin-promocji-Cashback-z-kontem-firmowym.pdf;2025-08;2026-10-06;STALE: 08/2025;AKVIZIČNÍ - financováno partnerem (leasing)
EU-33;EU;AT;Erste Bank / Sparkassen;banka;George Business - nenalezen bonus program;SME a mid;F;;;digitální služby (multibanking, EBICS);;2 balíčky dle velikosti firmy;;;nejasne;nejasne;https://www.sparkasse.at/bludenz/unternehmen/produkte-firmenkunden/digitales-banking/george-business;datum neznámé;2026-10-06;DATA GAP: s Bonus / s Vorteilswelt pro Unternehmer;Zadání zmiňuje s Bonus - nepotvrzeno pro firmy
EU-34;EU;AT;Raiffeisen (Raiffeisen Stadtbank Wien);banka;Girokonto Bonus Premium (retail) s cashback programem;nedefinováno (odvozeno: retail);B;F;aktivita na účtu a kartě;cashback program + 2 Platinum karty;banka / obchodníci (DATA GAP);23,68 EUR měsíčně (06/2026);DATA GAP;DATA GAP;aktivni;nejasne;https://www.capitalo.at/anbieter/raiffeisen-stadtbank-wien/produkte/girokonto-bonus-premium;2026-06;2026-10-06;CLAIM (srovnávač);Retail - relevantní H6. Raiffeisen Business účet nabízí karty s extras bez specifikace
EU-35;EU;SK;Slovenská sporiteľňa (Erste);banka;Moneyback;nedefinováno (odvozeno: retail);D;A;nákupy kartou u obchodníků;peněžní odměna Moneyback;obchodníci / banka (DATA GAP);aktivace doplňku Moneyback;DATA GAP;2021 (zverejnenie 04/2021);aktivni;ne;https://cdn0.erstegroup.com/content/dam/sk/slsp/www_slsp_sk/documents/zverejnenia/zverejnenie-k-vernostnemu-programu-moneyback-01072025.pdf;2025-07-01;2026-10-06;FACT (podmínky k 07/2025) + STALE: 07/2025;Debetní karty jen k účtům fyzických osob NEPODNIKATELŮ. Kreditní karty Visa Classic/Gold zahrnuty (retail). Cashback 1 % pro podnikatele NEPOTVRZEN - DATA GAP
EU-36;EU;SK;VÚB Banka (Intesa Sanpaolo);banka;Money back pro firemní kreditní kartu Mastercard Business World;FOP/mikro a SME (FO podnikatel + PO s úvěrovým limitem);A;;aktivní používání firemní kreditní karty;peněžní bonus měsíčně na kartový účet;banka;karta Mastercard Business World s úvěrovým limitem;sazba DATA GAP;2026-07-01;aktivni;ano;https://www.vub.sk/document/documents/VUB/pozrite-si-prehlad-zmien-na-firemnych-debetnych-a-kreditnych-kartach/statut-Moneyback-01072026.pdf;2026-07-01;2026-10-06;FACT;Současně VÚB od 1. 7. 2026 ruší pojištění zneužití karty a lounge benefity -> přesun hodnoty z F do A. Též verejný prísľub Bonusový Moneyback 2026. Hloubková případovka 4
EU-37;EU;SK;Tatra banka;banka;Cashback 5 % k nové firemní kreditní kartě;FOP/mikro a SME;AKV;A;platby novou Visa kreditní kartou;cashback 5 % max 50 EUR;banka;nový kartový účet a nová kreditní karta;strop 50 EUR;2024 (podzim);ukonceny;ano;https://tatrabanka.sk/files/business/sdd-24-jesen/vp/vp-cashback50.pdf;2024 (podzim dle URL);2026-10-06;STALE: 2024;AKVIZIČNÍ. Tatrabusiness má též Rewards Program se slevou 50 % z poplatků (DATA GAP detaily)
EU-38;EU;SE / NO / DK;SAS (emitent Bankaktiebolaget Nordiska. app Cardlay);nebankovní firma;SAS EuroBonus Executive Business Card;SME;H;A;útrata firemní kreditní kartou;25 EuroBonus bodů za 100 SEK/DKK/NOK + 20 000 level bodů ročně + lounge + Priority Pass;SAS (prodej bodů) + emitent (interchange);DATA GAP (poplatek);waitlist od 27. 5. 2026;oznámeno 2026-05-27. spuštění podzim 2026;nejasne;ano;https://www.sasgroup.net/newsroom/press-releases/2026/sas-launches-its-own-business-credit-card-program/;2026-05-27;2026-10-06;FACT (oznámení) + CLAIM (nejvyšší sazba na trhu);Aerolinka přebírá vlastnictví zákazníka od bank (dříve co-brand Amex Nordics. SEB Kort. Lunar). Hloubková případovka 3
EU-39;EU;NO;DNB;banka;Mastercard Upgrade - SAS EuroBonus;nedefinováno (odvozeno: retail - sekce personal);H;A;útrata kartou;10 EB bodů za 100 NOK (15 v cizí měně) + 3 000 uvítacích bodů;banka + SAS;DATA GAP;DATA GAP;DATA GAP;nejasne;nejasne;https://www.dnb.no/en/personal/internet-banking-mobile-and-card/cards/sas-eurobonus-faq.html;datum neznámé;2026-10-06;STALE: datum neznámé;Retail - relevantní H6
EU-40;EU;NO;Danske Bank;banka;Danske Bank Reward;nedefinováno (odvozeno: retail - sekce personal);D;;nákupy u obchodníků dle kategorií;bonus 2x ročně (31. 5. a 10. 12.);obchodníci (DATA GAP);DATA GAP;sazby dle kategorií obchodníků;DATA GAP;nejasne;nejasne;https://danskebank.no/-/media/pdf/danske-bank/no/personal/vilkaar-danske-bank-reward.pdf;datum neznámé;2026-10-06;STALE: datum neznámé;Business varianta DATA GAP
EU-41;EU;FI;Nordea;banka;Nordea Business Mastercard - nenalezen odměnový program;SME;F;;;bezúročné období cca 30 dní;;DATA GAP;;;nejasne;nejasne;https://www.nordea.fi/sv/foretag/vara-tjanster/foretagskort/nordea-business-mastercard.html;datum neznámé;2026-10-06;STALE: datum neznámé;Seveřané na business kartách nabízejí likviditu a správu výdajů ne body
EU-42;EU;EU (pan-EU);Revolut;neobanka;Revolut Business Rewards;FOP/mikro a SME;D;;nákup u partnera přes odkaz v sekci Business Rewards v aplikaci;odměna od obchodníka (jednorázově na nabídku);obchodníci (third-party merchant partners);KYB onboarding;DATA GAP;T&C v1.0.0 2023-08-21. novější verze 2026-06-21 [EST z časového razítka URL];aktivni;ano;https://cdn.revolut.com/terms_and_conditions/pdf/business_rewards_terms_acb02a2a_1.0.0_1782072272_en.pdf;2026-06-21 (EST z timestampu);2026-10-06;FACT (mechanika z T&C) + EST (datum verze);Zadaný odkaz a23c3d84 (2023) NENÍ aktuální - existuje novější verze acb02a2a. Obsah nové verze neověřen (WebFetch blokován)
EU-43;EU;EU (pan-EU);Revolut;neobanka;Revolut Business Cash Back Promotion;FOP/mikro a SME (vybraní klienti);B;A;kvalifikované nákupy kartou;měsíční cashback bonus;Revolut;jen vybraní klienti (widget v aplikaci). ne pro retail účty;sazby dle tarifu DATA GAP pro EU;T&C v1.0.0 2023-10-12. v1.0.1 2025-04-14 [EST z timestampu];nejasne;ano;https://cdn.revolut.com/terms_and_conditions/pdf/revolut_business_cash_back_promotion_54f5e32d_1.0.1_1744638475_en.pdf;2025-04-14 (EST);2026-10-06;STALE: 04/2025;Pro US uvádí finder 1,5-1,9 % se stropy 190/570/950 USD podle tarifu Grow/Scale/Enterprise (WORLD - jen kontext)
EU-44;EU;EU (pan-EU);Mastercard;karetní schéma;Mastercard Business Bonus Ultimate;SME;A;D;denní platby business kartou;body -> cashback. pay-with-points. nabídky partnerských obchodníků;emitent (body) + obchodníci (nabídky) - white-label platforma Mastercard;smlouva emitenta s Mastercard;DATA GAP;2024 (článek building SME loyalty);nejasne;ano;https://www.mastercard.com/europe/en/news-and-trends/stories/2024/building-sme-loyalty.html;2024;2026-10-06;CLAIM + STALE: 2024;Emitenti BBU nenalezeni - DATA GAP. Nižší varianta Mastercard Business Bonus (jen slevy) u Mettle. bunq. OTP HU. Banca Intesa RS
EU-45;EU;HU;OTP Bank;banka;Mastercard Business Bonus kedvezményprogram;FOP/mikro a SME;D;;platba business Mastercard u partnerů;slevy;obchodníci / Mastercard;business Mastercard OTP;DATA GAP;DATA GAP;nejasne;ano;https://www.otpbank.hu/portal/hu/mkv/kedvezmenyek-mc-uzleti-kartyaval;datum neznámé;2026-10-06;STALE: datum neznámé;CEE implementace - blízký vzor pro ČR
EU-46;EU;RS;Banca Intesa Beograd;banka;Mastercard Business Bonus;FOP/mikro (mali biznis);D;;platba business Mastercard u partnerů;slevy;obchodníci / Mastercard;business Mastercard;DATA GAP;DATA GAP;nejasne;ano;https://www.bancaintesa.rs/en/mali-biznis/platne-kartice/specijalne-ponude/mastercard_business_bonus.html;datum neznámé;2026-10-06;STALE: datum neznámé;Skupina Intesa Sanpaolo (jako VÚB)
EU-47;EU;EU (pan-EU);Visa Europe;karetní schéma;nenalezena evropská obdoba Visa SavingsEdge;SME;;;;;;;;2021 (SME iniciativa - 30+ business karetních programů);nejasne;nejasne;https://investor.visa.com/news/news-details/2021/Visas-Mission-to-Digitally-Enable-Small-Businesses-Gains-Momentum-Across-Europe/default.aspx;2021;2026-10-06;STALE: 2021 + DATA GAP: visa.co.uk business benefits;Asymetrie: Mastercard má SME loyalty platformu pro Evropu. Visa nalezena jen edukace a Where You Shop Matters
